"Motu","Transect","Transect_Start","Transect_End","avg_breeding_density_ha_transect","std_breeding_density_ha_transect","avg_breeding_biomass_kgha_transect","std_breeding_biomass_kgha_transect","Latitude","Longitude","Start_or_End"
"Aie","0945to0946","0945","0946",580,650.538238691624,266.82,256.340350315747,-17.0081763714552,-149.536409536377,"Start"
"Aie","0945to0946","0945","0946",580,650.538238691624,266.82,256.340350315747,-17.0087960455567,-149.53574267216,"End"
"Aie","0946to0947","0946","0947",1820,1329.36074863071,642.66,317.943493092719,-17.0087960455567,-149.53574267216,"Start"
"Aie","0946to0947","0946","0947",1820,1329.36074863071,642.66,317.943493092719,-17.0091917552054,-149.534870786592,"End"
"Aie","0947to0948","0947","0948",1540,197.989898732233,291.06,37.4200908603921,-17.0091917552054,-149.534870786592,"Start"
"Aie","0947to0948","0947","0948",1540,197.989898732233,291.06,37.4200908603921,-17.0091006439179,-149.534242227674,"End"
"Aie","0948to0949","0948","0949",600,339.411254969543,396.36,153.074475991264,-17.0091006439179,-149.534242227674,"Start"
"Aie","0948to0949","0948","0949",600,339.411254969543,396.36,153.074475991264,-17.0083652995527,-149.534740028903,"End"
"Aie","0949to0950","0949","0950",680,0,348.6,88.9257488020203,-17.0083652995527,-149.534740028903,"Start"
"Aie","0949to0950","0949","0950",680,0,348.6,88.9257488020203,-17.0077284425497,-149.535402785987,"End"
"Aie","0950to0945","0950","0945",2240,1018.23376490863,2184,992.777920785913,-17.0077284425497,-149.535402785987,"Start"
"Aie","0950to0945","0950","0945",2240,1018.23376490863,2184,992.777920785913,-17.0081763714552,-149.536409536377,"End"
"Auroa","0540to0541","0540","0541",800,226.274169979695,780,220.617315730203,-16.9891556538641,-149.562811022624,"Start"
"Auroa","0540to0541","0540","0541",800,226.274169979695,780,220.617315730203,-16.9885020330548,-149.562219679356,"End"
"Auroa","0541to0542","0541","0542",980,254.558441227157,955.5,248.194480196478,-16.9885020330548,-149.562219679356,"Start"
"Auroa","0541to0542","0541","0542",980,254.558441227157,955.5,248.194480196478,-16.9876002240926,-149.562145499513,"End"
"Auroa","0542to0543","0542","0543",1200,282.842712474619,1170,275.771644662754,-16.9876002240926,-149.562145499513,"Start"
"Auroa","0542to0543","0542","0543",1200,282.842712474619,1170,275.771644662754,-16.9867233932018,-149.562332918867,"End"
"Auroa","0543to0544","0543","0544",1140,28.2842712474619,1111.5,27.5771644662754,-16.9867233932018,-149.562332918867,"Start"
"Auroa","0543to0544","0543","0544",1140,28.2842712474619,1111.5,27.5771644662754,-16.9857602287084,-149.562693843618,"End"
"Auroa","0544to0545","0544","0545",740,28.2842712474619,741.84,1.18793939239344,-16.9857602287084,-149.562693843618,"Start"
"Auroa","0544to0545","0544","0545",740,28.2842712474619,741.84,1.18793939239344,-16.9852670375258,-149.56276726909,"End"
"Auroa","0545to0546","0545","0546",380,28.2842712474619,384.06,46.7539003720545,-16.9852670375258,-149.56276726909,"Start"
"Auroa","0545to0546","0545","0546",380,28.2842712474619,384.06,46.7539003720545,-16.9850499462336,-149.562914622948,"End"
"Auroa","0547to0548","0547","0548",1600,169.705627484771,1587.12,146.286250891873,-16.9850574899465,-149.563020067289,"Start"
"Auroa","0547to0548","0547","0548",1600,169.705627484771,1587.12,146.286250891873,-16.9859211612493,-149.563213270158,"End"
"Auroa","0548to0549","0548","0549",2060,537.401153701776,2008.5,523.966124859232,-16.9859211612493,-149.563213270158,"Start"
"Auroa","0548to0549","0548","0549",2060,537.401153701776,2008.5,523.966124859232,-16.986768823117,-149.563494818285,"End"
"Auroa","0549to0550","0549","0550",880,169.705627484771,858,165.462986797652,-16.986768823117,-149.563494818285,"Start"
"Auroa","0549to0550","0549","0550",880,169.705627484771,858,165.462986797652,-16.9876417983323,-149.56370905973,"End"
"Auroa","0550to0552","0550","0552",80,NA,78,NA,-16.9876417983323,-149.56370905973,"Start"
"Auroa","0550to0552","0550","0552",80,NA,78,NA,-16.9884926453233,-149.563374454156,"End"
"Auroa","0552to0540","0552","0540",1380,254.558441227157,1345.5,248.194480196478,-16.9884926453233,-149.563374454156,"Start"
"Auroa","0552to0540","0552","0540",1380,254.558441227157,1345.5,248.194480196478,-16.9891556538641,-149.562811022624,"End"
"Hiraanae","0511to0513","0511","0513",1100,367.695526217005,1072.5,358.50313806158,-16.9908339623362,-149.552686940879,"Start"
"Hiraanae","0511to0513","0511","0513",1100,367.695526217005,1072.5,358.50313806158,-16.9899909943342,-149.552594907582,"End"
"Hiraanae","0513to0515","0513","0515",520,169.705627484771,507,165.462986797652,-16.9899909943342,-149.552594907582,"Start"
"Hiraanae","0513to0515","0513","0515",520,169.705627484771,507,165.462986797652,-16.9891239702702,-149.552386952564,"End"
"Hiraanae","0515to0516","0515","0516",180,84.8528137423857,175.5,82.731493398826,-16.9891239702702,-149.552386952564,"Start"
"Hiraanae","0515to0516","0515","0516",180,84.8528137423857,175.5,82.731493398826,-16.9882680103183,-149.552102889866,"End"
"Hiraanae","0516to0517","0516","0517",1560,339.411254969543,1534.56,330.925973595304,-16.9882680103183,-149.552102889866,"Start"
"Hiraanae","0516to0517","0516","0517",1560,339.411254969543,1534.56,330.925973595304,-16.9873969629407,-149.551815893501,"End"
"Hiraanae","0517to0518","0517","0518",1060,141.42135623731,1040.28,128.297454378487,-16.9873969629407,-149.551815893501,"Start"
"Hiraanae","0517to0518","0517","0518",1060,141.42135623731,1040.28,128.297454378487,-16.9867919571698,-149.551836932078,"End"
"Hiraanae","0518to0519","0518","0519",1500,141.42135623731,1489.62,118.709086425597,-16.9867919571698,-149.551836932078,"Start"
"Hiraanae","0518to0519","0518","0519",1500,141.42135623731,1489.62,118.709086425597,-16.9866099860519,-149.55275692977,"End"
"Hiraanae","0519to0520","0519","0520",2280,1018.23376490863,2358.6,1088.66160031481,-16.9866099860519,-149.55275692977,"Start"
"Hiraanae","0519to0520","0519","0520",2280,1018.23376490863,2358.6,1088.66160031481,-16.986316954717,-149.553650943562,"End"
"Hiraanae","0520to0521","0520","0521",3060,1499.06637611548,3153.98,1530.09422167395,-16.986316954717,-149.553650943562,"Start"
"Hiraanae","0520to0521","0520","0521",3060,1499.06637611548,3153.98,1530.09422167395,-16.9859779905528,-149.554521907121,"End"
"Hiraanae","0521to0522","0521","0522",3280,1357.64501987817,3396.3,1335.66814111889,-16.9859779905528,-149.554521907121,"Start"
"Hiraanae","0521to0522","0521","0522",3280,1357.64501987817,3396.3,1335.66814111889,-16.9858339894563,-149.555471912026,"End"
"Hiraanae","0522to0523","0522","0523",2460,763.675323681471,2520.54,725.406704683656,-16.9858339894563,-149.555471912026,"Start"
"Hiraanae","0522to0523","0522","0523",2460,763.675323681471,2520.54,725.406704683656,-16.985531989485,-149.556368943304,"End"
"Hiraanae","0523to0524","0523","0524",1520,56.5685424949236,1502.34,45.5659609796612,-16.985531989485,-149.556368943304,"Start"
"Hiraanae","0523to0524","0523","0524",1520,56.5685424949236,1502.34,45.5659609796612,-16.9852839689702,-149.557288940996,"End"
"Hiraanae","0524to0525","0524","0525",1600,169.705627484771,1607.46,194.228090656321,-16.9852839689702,-149.557288940996,"Start"
"Hiraanae","0524to0525","0524","0525",1600,169.705627484771,1607.46,194.228090656321,-16.9849639479071,-149.558167951182,"End"
"Hiraanae","0525to0527","0525","0527",420,141.42135623731,409.5,137.885822331377,-16.9849639479071,-149.558167951182,"Start"
"Hiraanae","0525to0527","0525","0527",420,141.42135623731,409.5,137.885822331377,-16.9852269720286,-149.558419911191,"End"
"Hiraanae","0527to0528","0527","0528",1120,113.137084989848,1092,110.308657865101,-16.9852269720286,-149.558419911191,"Start"
"Hiraanae","0527to0528","0527","0528",1120,113.137084989848,1092,110.308657865101,-16.985819991678,-149.559137905017,"End"
"Hiraanae","0528to0529","0528","0529",1600,395.979797464467,1560,386.080302527855,-16.985819991678,-149.559137905017,"Start"
"Hiraanae","0528to0529","0528","0529",1600,395.979797464467,1560,386.080302527855,-16.9865789730102,-149.559612907469,"End"
"Hiraanae","0529to0530","0529","0530",1420,28.2842712474617,1384.5,27.5771644662754,-16.9865789730102,-149.559612907469,"Start"
"Hiraanae","0529to0530","0529","0530",1420,28.2842712474617,1384.5,27.5771644662754,-16.9873890001327,-149.56003091298,"End"
"Hiraanae","0530to0531","0530","0531",440,0,429,0,-16.9873890001327,-149.56003091298,"Start"
"Hiraanae","0530to0531","0530","0531",440,0,429,0,-16.9882139470428,-149.560420922935,"End"
"Hiraanae","0531to0532","0531","0532",1813.33333333333,877.572409168231,1768,855.633098939025,-16.9882139470428,-149.560420922935,"Start"
"Hiraanae","0531to0532","0531","0532",1813.33333333333,877.572409168231,1768,855.633098939025,-16.9891099724919,-149.560358896852,"End"
"Hiraanae","0532to0532corner","0532","0532corner",800,NA,780,NA,-16.98910997,-149.5603589,"Start"
"Hiraanae","0532to0532corner","0532","0532corner",800,NA,780,NA,-16.98935799,-149.5596539,"End"
"Hiraanae","0532cornerto0533","0532corner","0533",640,NA,624,NA,-16.98935799,-149.5596539,"Start"
"Hiraanae","0532cornerto0533","0532corner","0533",640,NA,624,NA,-16.98903395,-149.5587269,"End"
"Hiraanae","0533to0534","0533","0534",160,56.5685424949238,156,55.1543289325507,-16.9890339486301,-149.558726940304,"Start"
"Hiraanae","0533to0534","0533","0534",160,56.5685424949238,156,55.1543289325507,-16.9887189567089,-149.557854887098,"End"
"Hiraanae","0534to0535","0534","0535",260,28.2842712474619,253.5,27.5771644662754,-16.9887189567089,-149.557854887098,"Start"
"Hiraanae","0534to0535","0534","0535",260,28.2842712474619,253.5,27.5771644662754,-16.9887779653072,-149.556911922991,"End"
"Hiraanae","0535to0536","0535","0536",300,28.2842712474619,292.5,27.5771644662754,-16.9887779653072,-149.556911922991,"Start"
"Hiraanae","0535to0536","0535","0536",300,28.2842712474619,292.5,27.5771644662754,-16.9891859963536,-149.556078929454,"End"
"Hiraanae","0536to0537","0536","0537",140,28.2842712474619,136.5,27.5771644662754,-16.9891859963536,-149.556078929454,"Start"
"Hiraanae","0536to0537","0536","0537",140,28.2842712474619,136.5,27.5771644662754,-16.9895559735596,-149.555040914565,"End"
"Hiraanae","0538to0539","0538","0539",960,113.137084989848,936,110.308657865101,-16.9900529365987,-149.55424589105,"Start"
"Hiraanae","0538to0539","0538","0539",960,113.137084989848,936,110.308657865101,-16.9907789770514,-149.553680950776,"End"
"Hiraanae","0539to0511","0539","0511",240,169.705627484771,234,165.462986797652,-16.9907789770514,-149.553680950776,"Start"
"Hiraanae","0539to0511","0539","0511",240,169.705627484771,234,165.462986797652,-16.9908339623362,-149.552686940879,"End"
"Honuea","0728to0729","0728","0729",0,NA,0,NA,-17.0075420290232,-149.585249880329,"Start"
"Honuea","0728to0729","0728","0729",0,NA,0,NA,-17.007546974346,-149.58619594574,"End"
"Honuea","0740to0741","0740","0741",0,NA,0,NA,-17.0075660012662,-149.588568946347,"Start"
"Honuea","0740to0741","0740","0741",0,NA,0,NA,-17.0083059556782,-149.588029906154,"End"
"Honuea","0741to0742","0741","0742",40,NA,7.56,NA,-17.0083059556782,-149.588029906154,"Start"
"Honuea","0741to0742","0741","0742",40,NA,7.56,NA,-17.009158981964,-149.587743915617,"End"
"Honuea","0742to0743","0742","0743",0,NA,0,NA,-17.009158981964,-149.587743915617,"Start"
"Honuea","0742to0743","0742","0743",0,NA,0,NA,-17.0100209768862,-149.587468905374,"End"
"Honuea","0746to0747","0746","0747",0,NA,0,NA,-17.0114749856293,-149.58554492332,"Start"
"Honuea","0746to0747","0746","0747",0,NA,0,NA,-17.0114279631525,-149.58459190093,"End"
"Honuea","0748to0749","0748","0749",0,0,0,0,-17.011386975646,-149.583653882146,"Start"
"Honuea","0748to0749","0748","0749",0,0,0,0,-17.0117370039225,-149.582794904709,"End"
"Honuea","0754to0755","0754","0755",0,NA,0,NA,-17.0080209709704,-149.582549901679,"Start"
"Honuea","0754to0755","0754","0755",0,NA,0,NA,-17.0075189787894,-149.583318941295,"End"
"Honuea","0755to0727","0755","0727",0,NA,0,NA,-17.0075189787894,-149.583318941295,"Start"
"Honuea","0755to0727","0755","0727",0,NA,0,NA,-17.0071869716048,-149.5843728818,"End"
"Onetahi","1445to1446","1445","1446",40,NA,7.56,NA,-17.013712,-149.585937,"Start"
"Onetahi","1445to1446","1445","1446",40,NA,7.56,NA,-17.013461,-149.586852,"End"
"Onetahi","1447to1448","1447","1448",40,NA,7.56,NA,-17.013402,-149.587788,"Start"
"Onetahi","1447to1448","1447","1448",40,NA,7.56,NA,-17.013597,-149.588699,"End"
"Onetahi","1448to1286","1448","1286",0,NA,0,NA,-17.013597,-149.588699,"Start"
"Onetahi","1448to1286","1448","1286",0,NA,0,NA,-17.013874,-149.589747,"End"
"Oroatera","0883to0884","0883","0884",160,0,156,0,-16.9910241477191,-149.552405979484,"Start"
"Oroatera","0883to0884","0883","0884",160,0,156,0,-16.9908774644136,-149.551474750042,"End"
"Oroatera","0884to0885","0884","0885",200,0,195,0,-16.9908774644136,-149.551474750042,"Start"
"Oroatera","0884to0885","0884","0885",200,0,195,0,-16.9906329642981,-149.550582580268,"End"
"Oroatera","0885to0886","0885","0886",240,56.5685424949238,234,55.1543289325507,-16.9906329642981,-149.550582580268,"Start"
"Oroatera","0885to0886","0885","0886",240,56.5685424949238,234,55.1543289325507,-16.9905680883676,-149.549639280885,"End"
"Oroatera","0886to0887","0886","0887",220,254.558441227157,214.5,248.194480196478,-16.9905680883676,-149.549639280885,"Start"
"Oroatera","0886to0887","0886","0887",220,254.558441227157,214.5,248.194480196478,-16.9907219801098,-149.548706291243,"End"
"Oroatera","0887to0888","0887","0888",380,254.558441227157,370.5,248.194480196478,-16.9907219801098,-149.548706291243,"Start"
"Oroatera","0887to0888","0887","0888",380,254.558441227157,370.5,248.194480196478,-16.9906788971275,-149.547763159499,"End"
"Oroatera","0888to0889","0888","0889",360,169.705627484771,351,165.462986797652,-16.9906788971275,-149.547763159499,"Start"
"Oroatera","0888to0889","0888","0889",360,169.705627484771,351,165.462986797652,-16.990759363398,-149.546832768247,"End"
"Oroatera","0889to0890","0889","0890",160,56.5685424949238,156,55.1543289325507,-16.990759363398,-149.546832768247,"Start"
"Oroatera","0889to0890","0889","0890",160,56.5685424949238,156,55.1543289325507,-16.9908151868731,-149.545903382823,"End"
"Oroatera","0890to0891","0890","0891",1080,565.685424949238,1053,551.543289325507,-16.9908151868731,-149.545903382823,"Start"
"Oroatera","0890to0891","0890","0891",1080,565.685424949238,1053,551.543289325507,-16.991023896262,-149.544981289655,"End"
"Oroatera","0891to0892","0891","0892",600,339.411254969543,567.84,306.658068864982,-16.991023896262,-149.544981289655,"Start"
"Oroatera","0891to0892","0891","0892",600,339.411254969543,567.84,306.658068864982,-16.9913506228477,-149.544112924486,"End"
"Oroatera","0892to0893","0892","0893",820,28.2842712474619,782.34,3.30925973595301,-16.9913506228477,-149.544112924486,"Start"
"Oroatera","0892to0893","0892","0893",820,28.2842712474619,782.34,3.30925973595301,-16.9918096996844,-149.543309183791,"End"
"Oroatera","0893to0894","0893","0894",400,169.705627484771,390,165.462986797652,-16.9918096996844,-149.543309183791,"Start"
"Oroatera","0893to0894","0893","0894",400,169.705627484771,390,165.462986797652,-16.9923790823668,-149.542580796406,"End"
"Oroatera","0894to0937","0894","0937",140,84.8528137423857,136.5,82.7314933988261,-16.9923790823668,-149.542580796406,"Start"
"Oroatera","0894to0937","0894","0937",140,84.8528137423857,136.5,82.7314933988261,-16.9930739421397,-149.541993895546,"End"
"Oroatera","0903to0904","0903","0904",0,NA,0,NA,-16.9980369508266,-149.542167903855,"Start"
"Oroatera","0903to0904","0903","0904",0,NA,0,NA,-16.9980539660901,-149.541224939749,"End"
"Oroatera","0904to0905","0904","0905",0,NA,0,NA,-16.9980539660901,-149.541224939749,"Start"
"Oroatera","0904to0905","0904","0905",0,NA,0,NA,-16.9980349391699,-149.540286920965,"End"
"Oroatera","0905to0906","0905","0906",40,0,21.84,24.2679047303223,-16.9980349391699,-149.540286920965,"Start"
"Oroatera","0905to0906","0905","0906",40,0,21.84,24.2679047303223,-16.9982709735632,-149.539367929101,"End"
"Oroatera","0909to0910","0909","0910",40,NA,39,NA,-16.99708695,-149.5371169,"Start"
"Oroatera","0909to0910","0909","0910",40,NA,39,NA,-16.99624398,-149.5367779,"End"
"Oroatera","0910to0911","0910","0911",60,28.2842712474619,58.5,27.5771644662754,-16.9962439779192,-149.536777921021,"Start"
"Oroatera","0910to0911","0910","0911",60,28.2842712474619,58.5,27.5771644662754,-16.9954059552401,-149.536440884694,"End"
"Oroatera","0911to0912","0911","0912",80,0,78,0,-16.9954059552401,-149.536440884694,"Start"
"Oroatera","0911to0912","0911","0912",80,0,78,0,-16.9945219997317,-149.536261931062,"End"
"Oroatera","0915to0916","0915","0916",80,56.5685424949238,101.28,66.1286261765659,-16.9920049980283,-149.537162901834,"Start"
"Oroatera","0915to0916","0915","0916",80,56.5685424949238,101.28,66.1286261765659,-16.9913189392537,-149.537779893726,"End"
"Oroatera","0916to0917","0916","0917",140,28.2842712474619,144.26,16.6028672222601,-16.9913189392537,-149.537779893726,"Start"
"Oroatera","0916to0917","0916","0917",140,28.2842712474619,144.26,16.6028672222601,-16.9908980000764,-149.538616910577,"End"
"Oroatera","0917to0918","0917","0918",100,28.2842712474619,97.5,27.5771644662753,-16.9908980000764,-149.538616910577,"Start"
"Oroatera","0917to0918","0917","0918",100,28.2842712474619,97.5,27.5771644662753,-16.9905059784651,-149.539456944913,"End"
"Oroatera","0918to0919","0918","0919",280,56.5685424949238,273,55.1543289325507,-16.9905059784651,-149.539456944913,"Start"
"Oroatera","0918to0919","0918","0919",280,56.5685424949238,273,55.1543289325507,-16.9901829399168,-149.540342912078,"End"
"Oroatera","0919to0920","0919","0920",420,84.8528137423857,409.5,82.731493398826,-16.9901829399168,-149.540342912078,"Start"
"Oroatera","0919to0920","0919","0920",420,84.8528137423857,409.5,82.731493398826,-16.989815980196,-149.541198955849,"End"
"Oroatera","0920to0921","0920","0921",520,0,530.28,10.9742972440152,-16.989815980196,-149.541198955849,"Start"
"Oroatera","0920to0921","0920","0921",520,0,530.28,10.9742972440152,-16.9894279818982,-149.542033961043,"End"
"Oroatera","0921to0922","0921","0922",460,197.989898732233,471.78,182.065854019912,-16.9894279818982,-149.542033961043,"Start"
"Oroatera","0921to0922","0921","0922",460,197.989898732233,471.78,182.065854019912,-16.9889849983156,-149.542859913781,"End"
"Oroatera","0922to0923","0922","0923",600,452.54833995939,623.8,452.208928704421,-16.9889849983156,-149.542859913781,"Start"
"Oroatera","0922to0923","0922","0923",600,452.54833995939,623.8,452.208928704421,-16.9886729400605,-149.543740935624,"End"
"Oroatera","0923to0924","0923","0924",500,28.2842712474619,526.3,38.5514617102906,-16.9886729400605,-149.543740935624,"Start"
"Oroatera","0923to0924","0923","0924",500,28.2842712474619,526.3,38.5514617102906,-16.9884369894862,-149.544644923881,"End"
"Oroatera","0924to0925","0924","0925",1640,56.5685424949238,1606.76,44.1800316885357,-16.9884369894862,-149.544644923881,"Start"
"Oroatera","0924to0925","0924","0925",1640,56.5685424949238,1606.76,44.1800316885357,-16.9882259331644,-149.545561904088,"End"
"Oroatera","0925to0926","0925","0926",740,197.989898732233,737.02,171.091556775897,-16.9882259331644,-149.545561904088,"Start"
"Oroatera","0925to0926","0925","0926",740,197.989898732233,737.02,171.091556775897,-16.9879969395697,-149.546470921487,"End"
"Oroatera","0926to0927","0926","0927",1020,593.9696961967,1048.4416,612.57848393583,-16.9879969395697,-149.546470921487,"Start"
"Oroatera","0926to0927","0926","0927",1020,593.9696961967,1048.4416,612.57848393583,-16.9878319837153,-149.547393936664,"End"
"Oroatera","0927to0928","0927","0928",1020,367.695526217005,1025.54,336.554543573549,-16.9878319837153,-149.547393936664,"Start"
"Oroatera","0927to0928","0927","0928",1020,367.695526217005,1025.54,336.554543573549,-16.9876060076058,-149.548302954063,"End"
"Oroatera","0928to0929","0928","0929",740,254.558441227157,752.54,226.245885708448,-16.9876060076058,-149.548302954063,"Start"
"Oroatera","0928to0929","0928","0929",740,254.558441227157,752.54,226.245885708448,-16.9874679576606,-149.549220940098,"End"
"Oroatera","0929to0930","0929","0930",1640,678.822509939086,1614.52,661.851947190608,-16.9874679576606,-149.549220940098,"Start"
"Oroatera","0929to0930","0929","0930",1640,678.822509939086,1614.52,661.851947190608,-16.9873939454556,-149.550163904205,"End"
"Oroatera","0930to0931","0930","0931",1380,141.42135623731,1384.3,104.962930599331,-16.9873939454556,-149.550163904205,"Start"
"Oroatera","0930to0931","0930","0931",1380,141.42135623731,1384.3,104.962930599331,-16.9870709907264,-149.551049955189,"End"
"Oroatera","0931to0932","0931","0932",2080,452.54833995939,2041.56,460.411367366185,-16.9870709907264,-149.551049955189,"Start"
"Oroatera","0931to0932","0931","0932",2080,452.54833995939,2041.56,460.411367366185,-16.9876340031624,-149.551765937358,"End"
"Oroatera","0932to0934","0932","0934",1980,650.538238691624,1930.5,634.274782724333,-16.9876340031624,-149.551765937358,"Start"
"Oroatera","0932to0934","0932","0934",1980,650.538238691624,1930.5,634.274782724333,-16.9885179586709,-149.551941957325,"End"
"Oroatera","0934to0935","0934","0935",840,509.116882454314,819,496.388960392956,-16.9885179586709,-149.551941957325,"Start"
"Oroatera","0934to0935","0934","0935",840,509.116882454314,819,496.388960392956,-16.9894059374928,-149.552103895694,"End"
"Oroatera","0935to0936","0935","0936",380,367.695526217005,370.5,358.50313806158,-16.9894059374928,-149.552103895694,"Start"
"Oroatera","0935to0936","0935","0936",380,367.695526217005,370.5,358.50313806158,-16.9903019629419,-149.552200958133,"End"
"Oroatera","0936to0883","0936","0883",100,28.2842712474619,97.5,27.5771644662753,-16.9903019629419,-149.552200958133,"Start"
"Oroatera","0936to0883","0936","0883",100,28.2842712474619,97.5,27.5771644662753,-16.9910241477191,-149.552405979484,"End"
"Oroatera","0937to0938","0937","0938",40,NA,4.68,NA,-16.9930739421397,-149.541993895546,"Start"
"Oroatera","0937to0938","0937","0938",40,NA,4.68,NA,-16.9938999786973,-149.541607908905,"End"
"Oroatera","0938to0939","0938","0939",40,0,39,0,-16.9938999786973,-149.541607908905,"Start"
"Oroatera","0938to0939","0938","0939",40,0,39,0,-16.9947849400342,-149.541450915858,"End"
"Oroatera","0942to0943","0942","0943",0,NA,0,NA,-16.9952609483153,-149.542760923505,"Start"
"Oroatera","0942to0943","0942","0943",0,NA,0,NA,-16.9960249587893,-149.543246906251,"End"
"Reiono","0837to0838","0837","0838",660,84.8528137423857,627.78,60.500056198321,-17.0426189526916,-149.545781929046,"Start"
"Reiono","0837to0838","0837","0838",660,84.8528137423857,627.78,60.500056198321,-17.0434090308845,-149.546226924285,"End"
"Reiono","0838to0839","0838","0839",80,NA,15.12,NA,-17.04340903,-149.5462269,"Start"
"Reiono","0838to0839","0838","0839",80,NA,15.12,NA,-17.04402502,-149.5469189,"End"
"Reiono","0839to1137","0839","1137",780,197.989898732233,760.5,193.040151263927,-17.0440250169486,-149.546918934211,"Start"
"Reiono","0839to1137","0839","1137",780,197.989898732233,760.5,193.040151263927,-17.0447460282594,-149.547491921112,"End"
"Reiono","1137to1138","1137","1138",380,141.42135623731,370.5,137.885822331377,-17.0447460282594,-149.547491921112,"Start"
"Reiono","1137to1138","1137","1138",380,141.42135623731,370.5,137.885822331377,-17.0456399582326,-149.547618906945,"End"
"Reiono","1138to1139","1138","1139",60,28.2842712474619,58.5,27.5771644662754,-17.0456399582326,-149.547618906945,"Start"
"Reiono","1138to1139","1138","1139",60,28.2842712474619,58.5,27.5771644662754,-17.0465349778533,-149.547528885305,"End"
"Reiono","1139to1140","1139","1140",180,28.2842712474619,158.34,3.30925973595305,-17.0465349778533,-149.547528885305,"Start"
"Reiono","1139to1140","1139","1140",180,28.2842712474619,158.34,3.30925973595305,-17.0474109705538,-149.547717897221,"End"
"Reiono","1140to1141","1140","1141",620,424.264068711929,518.34,291.808826460064,-17.0474109705538,-149.547717897221,"Start"
"Reiono","1140to1141","1140","1141",620,424.264068711929,518.34,291.808826460064,-17.0482950098813,-149.547881931067,"End"
"Reiono","1141to1142","1141","1142",660,84.8528137423857,626.34,58.4635886685037,-17.0482950098813,-149.547881931067,"Start"
"Reiono","1141to1142","1141","1142",660,84.8528137423857,626.34,58.4635886685037,-17.0491129998118,-149.547495944425,"End"
"Reiono","1142to1143","1142","1143",440,0,429,0,-17.0491129998118,-149.547495944425,"Start"
"Reiono","1142to1143","1142","1143",440,0,429,0,-17.0496050175279,-149.546653898433,"End"
"Reiono","1145to1146","1145","1146",140,28.2842712474619,136.5,27.5771644662754,-17.0491460245103,-149.544845921919,"Start"
"Reiono","1145to1146","1145","1146",140,28.2842712474619,136.5,27.5771644662754,-17.0485120173544,-149.544175956398,"End"
"Reiono","1146to1147","1146","1147",40,0,39,0,-17.0485120173544,-149.544175956398,"Start"
"Reiono","1146to1147","1146","1147",40,0,39,0,-17.0476259663701,-149.544054921716,"End"
"Reiono","1147to1148","1147","1148",500,367.695526217005,487.5,358.50313806158,-17.0476259663701,-149.544054921716,"Start"
"Reiono","1147to1148","1147","1148",500,367.695526217005,487.5,358.50313806158,-17.0467339642346,-149.544111918658,"End"
"Reiono","1148to1149","1148","1149",80,56.5685424949238,43.68,6.61851947190608,-17.0467339642346,-149.544111918658,"Start"
"Reiono","1148to1149","1148","1149",80,56.5685424949238,43.68,6.61851947190608,-17.0458380226046,-149.544120887294,"End"
"Reiono","1149to1150","1149","1150",160,NA,156,NA,-17.0458380226046,-149.544120887294,"Start"
"Reiono","1149to1150","1149","1150",160,NA,156,NA,-17.0449890196323,-149.544432945549,"End"
"Reiono","1150to1151","1150","1151",320,56.5685424949238,312,55.1543289325507,-17.0449890196323,-149.544432945549,"Start"
"Reiono","1150to1151","1150","1151",320,56.5685424949238,312,55.1543289325507,-17.0441889669746,-149.544855896384,"End"
"Reiono","1151to1152","1151","1152",500,254.558441227157,487.5,248.194480196478,-17.0441889669746,-149.544855896384,"Start"
"Reiono","1151to1152","1151","1152",500,254.558441227157,487.5,248.194480196478,-17.0433539617807,-149.545215899125,"End"
"Reiono","1152to0837","1152","0837",200,56.5685424949238,195,55.1543289325507,-17.0433539617807,-149.545215899125,"Start"
"Reiono","1152to0837","1152","0837",200,56.5685424949238,195,55.1543289325507,-17.0426189526916,-149.545781929046,"End"
"Rimatuu","0606to0607","0606","0607",40,NA,7.56,NA,-17.0278805494308,-149.552276143804,"Start"
"Rimatuu","0606to0607","0606","0607",40,NA,7.56,NA,-17.0270475558937,-149.552635978907,"End"
"Rimatuu","0607to0608","0607","0608",80,NA,15.12,NA,-17.0270475558937,-149.552635978907,"Start"
"Rimatuu","0607to0608","0607","0608",80,NA,15.12,NA,-17.0263180788606,-149.553171331063,"End"
"Rimatuu","0613to0614","0613","0614",40,NA,7.56,NA,-17.02394592,-149.5558882,"Start"
"Rimatuu","0613to0614","0613","0614",40,NA,7.56,NA,-17.02382304,-149.5568013,"End"
"Rimatuu","0616to0617","0616","0617",40,NA,7.56,NA,-17.02296373,-149.558426,"Start"
"Rimatuu","0616to0617","0616","0617",40,NA,7.56,NA,-17.02242762,-149.5591852,"End"
"Rimatuu","0620to0621","0620","0621",40,NA,7.56,NA,-17.02002889,-149.5603914,"Start"
"Rimatuu","0620to0621","0620","0621",40,NA,7.56,NA,-17.01917494,-149.5606724,"End"
"Rimatuu","0621to0622","0621","0622",40,NA,7.56,NA,-17.01917494,-149.5606724,"Start"
"Rimatuu","0621to0622","0621","0622",40,NA,7.56,NA,-17.01831856,-149.560964,"End"
"Rimatuu","0624to0630","0624","0630",40,0,7.56,0,-17.0169215463102,-149.561252491549,"Start"
"Rimatuu","0624to0630","0624","0630",40,0,7.56,0,-17.0173302479088,-149.562088418752,"End"
"Rimatuu","0631to0632","0631","0632",40,NA,7.56,NA,-17.01768237,-149.5629493,"Start"
"Rimatuu","0631to0632","0631","0632",40,NA,7.56,NA,-17.01856423,-149.563119,"End"
"Rimatuu","0633to0634","0633","0634",80,NA,15.12,NA,-17.0194367878139,-149.562904480845,"Start"
"Rimatuu","0633to0634","0633","0634",80,NA,15.12,NA,-17.0202207472175,-149.562443224713,"End"
"Rimatuu","0634to0635","0634","0635",120,NA,22.68,NA,-17.0202207472175,-149.562443224713,"Start"
"Rimatuu","0634to0635","0634","0635",120,NA,22.68,NA,-17.0210510585457,-149.562082970515,"End"
"Rimatuu","0636to0637","0636","0637",40,NA,7.56,NA,-17.0218047592789,-149.561561951414,"Start"
"Rimatuu","0636to0637","0636","0637",40,NA,7.56,NA,-17.0226222462952,-149.56117361784,"End"
"Rimatuu","0637to0638","0637","0638",80,NA,15.12,NA,-17.0226222462952,-149.56117361784,"Start"
"Rimatuu","0637to0638","0637","0638",80,NA,15.12,NA,-17.0234375540167,-149.560791570693,"End"
"Rimatuu","0644to0645","0644","0645",60,28.2842712474619,8.46,1.27279220613579,-17.0242873951793,-149.560464927927,"Start"
"Rimatuu","0644to0645","0644","0645",60,28.2842712474619,8.46,1.27279220613579,-17.0251621305943,-149.560240292922,"End"
"Rimatuu","0646to0647","0646","0647",160,NA,30.24,NA,-17.0260577369481,-149.560184553266,"Start"
"Rimatuu","0646to0647","0646","0647",160,NA,30.24,NA,-17.0269234199077,-149.560385551304,"End"
"Rimatuu","0647to0648","0647","0648",40,NA,7.56,NA,-17.0269234199077,-149.560385551304,"Start"
"Rimatuu","0647to0648","0647","0648",40,NA,7.56,NA,-17.027799077332,-149.560558386147,"End"
"Rimatuu","0686to0687","0686","0687",80,NA,15.12,NA,-17.0286930073053,-149.560486888513,"Start"
"Rimatuu","0686to0687","0686","0687",80,NA,15.12,NA,-17.0295899547637,-149.56050792709,"End"
"Rimatuu","0687to0688","0687","0688",80,NA,15.12,NA,-17.0295899547637,-149.56050792709,"Start"
"Rimatuu","0687to0688","0687","0688",80,NA,15.12,NA,-17.0304849743843,-149.560550926253,"End"
"Rimatuu","0688to0689","0688","0689",40,NA,7.56,NA,-17.0304849743843,-149.560550926253,"Start"
"Rimatuu","0688to0689","0688","0689",40,NA,7.56,NA,-17.0313909742981,-149.560530893505,"End"
"Rimatuu","0689to0690","0689","0690",40,NA,7.56,NA,-17.0313909742981,-149.560530893505,"Start"
"Rimatuu","0689to0690","0689","0690",40,NA,7.56,NA,-17.0322880055755,-149.560467945412,"End"
"Rimatuu","0690to0691","0690","0691",200,NA,34.92,NA,-17.0322880055755,-149.560467945412,"Start"
"Rimatuu","0690to0691","0690","0691",200,NA,34.92,NA,-17.033127034083,-149.560118922964,"End"
"Rimatuu","0691to0692","0691","0692",120,NA,16.92,NA,-17.033127034083,-149.560118922964,"Start"
"Rimatuu","0691to0692","0691","0692",120,NA,16.92,NA,-17.033673953265,-149.559363881126,"End"
"Rimatuu","0692to0693","0692","0693",200,NA,29.16,NA,-17.033673953265,-149.559363881126,"Start"
"Rimatuu","0692to0693","0692","0693",200,NA,29.16,NA,-17.0337599515915,-149.558429885656,"End"
"Rimatuu","0693to0694","0693","0694",280,NA,41.4,NA,-17.0337599515915,-149.558429885656,"Start"
"Rimatuu","0693to0694","0693","0694",280,NA,41.4,NA,-17.0335390046239,-149.557517934591,"End"
"Rimatuu","0694to0695","0694","0695",40,NA,4.68,NA,-17.0335390046239,-149.557517934591,"Start"
"Rimatuu","0694to0695","0694","0695",40,NA,4.68,NA,-17.0331970229745,-149.556656945497,"End"
"Rimatuu","0695to0696","0695","0696",40,NA,7.56,NA,-17.0331970229745,-149.556656945497,"Start"
"Rimatuu","0695to0696","0695","0696",40,NA,7.56,NA,-17.0327340066433,-149.555853959173,"End"
"Rimatuu","0696to0697","0696","0697",40,NA,7.56,NA,-17.0327340066433,-149.555853959173,"Start"
"Rimatuu","0696to0697","0696","0697",40,NA,7.56,NA,-17.0319860056043,-149.55534090288,"End"
"Rimatuu","0697to0698","0697","0698",40,NA,4.68,NA,-17.0319860056043,-149.55534090288,"Start"
"Rimatuu","0697to0698","0697","0698",40,NA,4.68,NA,-17.0311609748751,-149.554959945381,"End"
"Rimatuu","0698to0699","0698","0699",40,NA,4.68,NA,-17.0311609748751,-149.554959945381,"Start"
"Rimatuu","0698to0699","0698","0699",40,NA,4.68,NA,-17.0303920190781,-149.554466921836,"End"
"Rimatuu","0699to0700","0699","0700",40,NA,7.56,NA,-17.0303920190781,-149.554466921836,"Start"
"Rimatuu","0699to0700","0699","0700",40,NA,7.56,NA,-17.0296610333025,-149.55392293632,"End"
"Rimatuu","0700to0701","0700","0701",280,NA,52.92,NA,-17.0296610333025,-149.55392293632,"Start"
"Rimatuu","0700to0701","0700","0701",280,NA,52.92,NA,-17.0289929956198,-149.553298903629,"End"
"Rimatuu","0701to0702","0701","0702",200,NA,37.8,NA,-17.0289929956198,-149.553298903629,"Start"
"Rimatuu","0701to0702","0701","0702",200,NA,37.8,NA,-17.0284589845687,-149.552558949217,"End"
"Rimatuu","0702to0606","0702","0606",40,NA,7.56,NA,-17.0284589845687,-149.552558949217,"Start"
"Rimatuu","0702to0606","0702","0606",40,NA,7.56,NA,-17.0278805494308,-149.552276143804,"End"
"Tahuna Iti","0717to0718","0717","0718",1040,565.685424949238,196.56,106.914545315406,-17.028197972104,-149.551916895434,"Start"
"Tahuna Iti","0717to0718","0717","0718",1040,565.685424949238,196.56,106.914545315406,-17.0289810094982,-149.551458908245,"End"
"Tahuna Iti","0718to0719","0718","0719",2980,876.812408671319,563.22,165.717545238879,-17.0289810094982,-149.551458908245,"Start"
"Tahuna Iti","0718to0719","0718","0719",2980,876.812408671319,563.22,165.717545238879,-17.0293840114027,-149.550612922758,"End"
"Tahuna Iti","0719to0720","0719","0720",1640,1301.07647738325,498.6,290.366328626444,-17.0293840114027,-149.550612922758,"Start"
"Tahuna Iti","0719to0720","0719","0720",1640,1301.07647738325,498.6,290.366328626444,-17.0297779608518,-149.549756878987,"End"
"Tahuna Iti","0720to0721","0720","0721",1400,1527.35064736294,374.64,444.289332755132,-17.0297779608518,-149.549756878987,"Start"
"Tahuna Iti","0720to0721","0720","0721",1400,1527.35064736294,374.64,444.289332755132,-17.0299910288304,-149.548847945407,"End"
"Tahuna Iti","0721to0760","0721","0760",8460,141.42135623731,1873.94,15.4714963723616,-17.0299910288304,-149.548847945407,"Start"
"Tahuna Iti","0721to0760","0721","0760",8460,141.42135623731,1873.94,15.4714963723616,-17.0299920346588,-149.547897940502,"End"
"Tahuna Iti","0756to0757","0756","0757",1180,593.9696961967,226.44,117.096882964492,-17.028287993744,-149.550921879709,"Start"
"Tahuna Iti","0756to0757","0756","0757",1180,593.9696961967,226.44,117.096882964492,-17.0287009701133,-149.550067931414,"End"
"Tahuna Iti","0757to0758","0757","0758",580,367.695526217005,156.78,136.188766056529,-17.0287009701133,-149.550067931414,"Start"
"Tahuna Iti","0757to0758","0757","0758",580,367.695526217005,156.78,136.188766056529,-17.0292199775577,-149.549308950081,"End"
"Tahuna Iti","0758to0759","0758","0759",80,0,46.56,44.4628744010101,-17.0292199775577,-149.549308950081,"Start"
"Tahuna Iti","0758to0759","0758","0759",80,0,46.56,44.4628744010101,-17.0296329539269,-149.548801928759,"End"
"Tahuna Iti","0760to0761","0760","0761",6800,678.822509939086,1300.92,106.066017177982,-17.0299920346588,-149.547897940502,"Start"
"Tahuna Iti","0760to0761","0760","0761",6800,678.822509939086,1300.92,106.066017177982,-17.0296600274742,-149.547010883689,"End"
"Tahuna Iti","0761to0762","0761","0762",4480,2715.29003975634,846.72,513.189817513949,-17.0296600274742,-149.547010883689,"Start"
"Tahuna Iti","0761to0762","0761","0762",4480,2715.29003975634,846.72,513.189817513949,-17.0295079797506,-149.546779878438,"End"
"Tahuna Iti","0762to0763","0762","0763",1900,367.695526217005,1119.62,51.5056579416281,-17.0295079797506,-149.546779878438,"Start"
"Tahuna Iti","0762to0763","0762","0763",1900,367.695526217005,1119.62,51.5056579416281,-17.0285060070455,-149.547131918371,"End"
"Tahuna Iti","0763to0764","0763","0764",3460,763.675323681471,811.42,213.06541530713,-17.0285060070455,-149.547131918371,"Start"
"Tahuna Iti","0763to0764","0763","0764",3460,763.675323681471,811.42,213.06541530713,-17.0281449984759,-149.548006905243,"End"
"Tahuna Iti","0764to0765","0764","0765",5360,5091.16882454314,1086.8,807.685649742522,-17.0281449984759,-149.548006905243,"Start"
"Tahuna Iti","0764to0765","0764","0765",5360,5091.16882454314,1086.8,807.685649742522,-17.0281129796058,-149.548498922959,"End"
"Tahuna Iti","0765to0766","0765","0766",3520,NA,645.72,NA,-17.02811298,-149.5484989,"Start"
"Tahuna Iti","0765to0766","0765","0766",3520,NA,645.72,NA,-17.02832999,-149.5494509,"End"
"Tahuna Iti","0765to0767","0765","0767",5880,NA,1736.16,NA,-17.0281129796058,-149.548498922959,"Start"
"Tahuna Iti","0765to0767","0765","0767",5880,NA,1736.16,NA,-17.0281009934843,-149.549526879564,"End"
"Tahuna Iti","0767to0768","0767","0768",2120,339.411254969543,528.96,259.819315679185,-17.0281009934843,-149.549526879564,"Start"
"Tahuna Iti","0767to0768","0767","0768",2120,339.411254969543,528.96,259.819315679185,-17.0281559787691,-149.550470933318,"End"
"Tahuna Iti","0768to0756","0768","0756",4760,4129.50360212944,899.64,780.476180802464,-17.0281559787691,-149.550470933318,"Start"
"Tahuna Iti","0768to0756","0768","0756",4760,4129.50360212944,899.64,780.476180802464,-17.028287993744,-149.550921879709,"End"
"Tahuna Iti","1182to0717","1182","0717",520,226.274169979695,114,20.5343809256573,-17.0286640059203,-149.551069904119,"Start"
"Tahuna Iti","1182to0717","1182","0717",520,226.274169979695,114,20.5343809256573,-17.028197972104,-149.551916895434,"End"
"Tahuna Iti","1183to1182","1183","1182",720,NA,167.52,NA,-17.02926298,-149.5503629,"Start"
"Tahuna Iti","1183to1182","1183","1182",720,NA,167.52,NA,-17.02866401,-149.5510699,"End"
"Tahuna Rahi","1129to1127","1129","1127",5480,NA,1444.44,NA,-17.0413169916719,-149.545561904088,"Start"
"Tahuna Rahi","1129to1127","1129","1127",5480,NA,1444.44,NA,-17.0404209662229,-149.545702887699,"End"
"Tauini","0590to0591","0590","0591",60,28.2842712474619,58.5,27.5771644662754,-16.988380998373,-149.564864924178,"Start"
"Tauini","0590to0591","0590","0591",60,28.2842712474619,58.5,27.5771644662754,-16.9875449873507,-149.564497880638,"End"
"Tauini","0591to0592","0591","0592",520,169.705627484771,507,165.462986797652,-16.9875449873507,-149.564497880638,"Start"
"Tauini","0591to0592","0591","0592",520,169.705627484771,507,165.462986797652,-16.9866449385881,-149.564460916445,"End"
"Tauini","0592to0595","0592","0595",880,169.705627484771,858,165.462986797652,-16.9866449385881,-149.564460916445,"Start"
"Tauini","0592to0595","0592","0595",880,169.705627484771,858,165.462986797652,-16.9857589714229,-149.564653951675,"End"
"Tauini","0595to0596","0595","0596",2140,707.106781186548,2086.5,689.429111656883,-16.9857589714229,-149.564653951675,"Start"
"Tauini","0595to0596","0595","0596",2140,707.106781186548,2086.5,689.429111656883,-16.984887002036,-149.564861906692,"End"
"Tauini","0596to0598","0596","0598",2340,28.2842712474619,2166.78,110.393510678844,-16.984887002036,-149.564861906692,"Start"
"Tauini","0596to0598","0596","0598",2340,28.2842712474619,2166.78,110.393510678844,-16.9841529987752,-149.565274883062,"End"
"Tauini","0598to0599","0598","0599",2160,961.665222413705,2121.18,920.907587546112,-16.9841529987752,-149.565274883062,"Start"
"Tauini","0598to0599","0598","0599",2160,961.665222413705,2121.18,920.907587546112,-16.9840309582651,-149.566206950694,"End"
"Tauini","0599to0600","0599","0600",400,56.5685424949238,390,55.1543289325507,-16.9840309582651,-149.566206950694,"Start"
"Tauini","0599to0600","0599","0600",400,56.5685424949238,390,55.1543289325507,-16.9841229915619,-149.566504927352,"End"
"Tauini","0600to0601","0600","0601",1780,367.695526217005,1735.5,358.50313806158,-16.9841229915619,-149.566504927352,"Start"
"Tauini","0600to0601","0600","0601",1780,367.695526217005,1735.5,358.50313806158,-16.9849909376353,-149.566289931536,"End"
"Tauini","0601to0602","0601","0602",1180,254.558441227157,1150.5,248.194480196478,-16.9849909376353,-149.566289931536,"Start"
"Tauini","0601to0602","0601","0602",1180,254.558441227157,1150.5,248.194480196478,-16.9858469814062,-149.565997906029,"End"
"Tauini","0602to0603","0602","0603",820,197.989898732233,799.5,193.040151263927,-16.9858469814062,-149.565997906029,"Start"
"Tauini","0602to0603","0602","0603",820,197.989898732233,799.5,193.040151263927,-16.9867359660566,-149.565875949338,"End"
"Tauini","0603to0604","0603","0604",1280,56.5685424949238,1248,55.1543289325505,-16.9867359660566,-149.565875949338,"Start"
"Tauini","0603to0604","0603","0604",1280,56.5685424949238,1248,55.1543289325505,-16.9876309856772,-149.565862957388,"End"
"Tauini","0604to0605","0604","0605",980,707.106781186548,955.5,689.429111656884,-16.9876309856772,-149.565862957388,"Start"
"Tauini","0604to0605","0604","0605",980,707.106781186548,955.5,689.429111656884,-16.9886139314622,-149.565877960995,"End"
"Tauini","0605to0590","0605","0590",540,28.2842712474619,526.5,27.5771644662754,-16.9886139314622,-149.565877960995,"Start"
"Tauini","0605to0590","0605","0590",540,28.2842712474619,526.5,27.5771644662754,-16.988380998373,-149.564864924178,"End"
"Tiaraunu","1032to1033","1032","1033",80,0,85.76,10.9742972440152,-16.9846759457141,-149.576790947467,"Start"
"Tiaraunu","1032to1033","1032","1033",80,0,85.76,10.9742972440152,-16.9850829709321,-149.577612960711,"End"
"Tiaraunu","1033to1034","1033","1034",160,113.137084989848,156,110.308657865101,-16.9850829709321,-149.577612960711,"Start"
"Tiaraunu","1033to1034","1033","1034",160,113.137084989848,156,110.308657865101,-16.9855139683932,-149.578437907621,"End"
"Tiaraunu","1034to1035","1034","1035",40,0,39,0,-16.9855139683932,-149.578437907621,"Start"
"Tiaraunu","1034to1035","1034","1035",40,0,39,0,-16.9859059900045,-149.579268889502,"End"
"Tiaraunu","1048to1049","1048","1049",0,NA,0,NA,-16.9904240034521,-149.583750944585,"Start"
"Tiaraunu","1048to1049","1048","1049",0,NA,0,NA,-16.9911889359355,-149.584229886532,"End"
"Tiaraunu","1050to1051","1050","1051",0,NA,0,NA,-16.9919549580663,-149.584714947268,"Start"
"Tiaraunu","1050to1051","1050","1051",0,NA,0,NA,-16.9928019493818,-149.585011918098,"End"
"Tiaraunu","1052to1053","1052","1053",0,NA,0,NA,-16.9936509523541,-149.58533889614,"Start"
"Tiaraunu","1052to1053","1052","1053",0,NA,0,NA,-16.9945039786398,-149.585638884455,"End"
"Tiaraunu","1053to1069","1053","1069",0,NA,0,NA,-16.9945039786398,-149.585638884455,"Start"
"Tiaraunu","1053to1069","1053","1069",0,NA,0,NA,-17.0035280194134,-149.583228919655,"End"
"Tiaraunu","1057to1058","1057","1058",0,NA,0,NA,-16.9979769363999,-149.585706945509,"Start"
"Tiaraunu","1057to1058","1057","1058",0,NA,0,NA,-16.9988709501922,-149.58560988307,"End"
"Tiaraunu","1058to1059","1058","1059",0,NA,0,NA,-16.9988709501922,-149.58560988307,"Start"
"Tiaraunu","1058to1059","1058","1059",0,NA,0,NA,-16.9997440092266,-149.585380889475,"End"
"Tiaraunu","1060to1061","1060","1061",0,NA,0,NA,-17.0006259530783,-149.585191961378,"Start"
"Tiaraunu","1060to1061","1060","1061",0,NA,0,NA,-17.0014990121126,-149.584947880358,"End"
"Tiaraunu","1061to1062","1061","1062",0,NA,0,NA,-17.0014990121126,-149.584947880358,"Start"
"Tiaraunu","1061to1062","1061","1062",0,NA,0,NA,-17.0022819656879,-149.58448888734,"End"
"Tiaraunu","1062to1063","1062","1063",0,NA,0,NA,-17.0022819656879,-149.58448888734,"Start"
"Tiaraunu","1062to1063","1062","1063",0,NA,0,NA,-17.0030700322241,-149.584023943171,"End"
"Tiaraunu","1069to1070","1069","1070",0,NA,0,NA,-17.0035280194134,-149.583228919655,"Start"
"Tiaraunu","1069to1070","1069","1070",0,NA,0,NA,-17.0032899733633,-149.582317890599,"End"
"Tiaraunu","1070to1071","1070","1071",0,NA,0,NA,-17.0032899733633,-149.582317890599,"Start"
"Tiaraunu","1070to1071","1070","1071",0,NA,0,NA,-17.0030520111322,-149.581428905949,"End"
"Tiaraunu","1081to1082","1081","1082",0,NA,0,NA,-16.9995539914817,-149.58063589409,"Start"
"Tiaraunu","1081to1082","1081","1082",0,NA,0,NA,-16.9986699521542,-149.580443948507,"End"
"Tiaraunu","1084to1085","1084","1085",0,NA,0,NA,-16.9969670008868,-149.579856880009,"Start"
"Tiaraunu","1084to1085","1084","1085",0,NA,0,NA,-16.996171977371,-149.579413896427,"End"
"Tiaraunu","1091to1001","1091","1001",0,NA,0,NA,-16.9912829808891,-149.577035950497,"Start"
"Tiaraunu","1091to1001","1091","1001",0,NA,0,NA,-16.99059298262,-149.576619956642,"End"
"Tiaraunu","1093to1094","1093","1094",40,NA,39,NA,-16.9877279642969,-149.573136940598,"Start"
"Tiaraunu","1093to1094","1093","1094",40,NA,39,NA,-16.9878339953721,-149.572200933471,"End"
"Tiaraunu","1095to1096","1095","1096",40,NA,39,NA,-16.9876089412719,-149.571300884709,"Start"
"Tiaraunu","1095to1096","1095","1096",40,NA,39,NA,-16.9875630084425,-149.570369906723,"End"
"Tiaraunu","1096to1097","1096","1097",40,0,39,0,-16.9875630084425,-149.570369906723,"Start"
"Tiaraunu","1096to1097","1096","1097",40,0,39,0,-16.9876829534769,-149.569448903203,"End"
"Tiaraunu","1097to1098","1097","1098",0,NA,0,NA,-16.9876829534769,-149.569448903203,"Start"
"Tiaraunu","1097to1098","1097","1098",0,NA,0,NA,-16.9881979376078,-149.568687910214,"End"
"Tiaraunu","1098to1100","1098","1100",80,NA,78,NA,-16.9881979376078,-149.568687910214,"Start"
"Tiaraunu","1098to1100","1098","1100",80,NA,78,NA,-16.9886199664325,-149.567846953869,"End"
"Tiaraunu","1101to1102","1101","1102",520,169.705627484771,538.04,165.462986797652,-16.9892759341747,-149.567205905914,"Start"
"Tiaraunu","1101to1102","1101","1102",520,169.705627484771,538.04,165.462986797652,-16.9888809788972,-149.566369894892,"End"
"Tiaraunu","1102to1103","1102","1103",320,56.5685424949238,312,55.1543289325507,-16.9888809788972,-149.566369894892,"Start"
"Tiaraunu","1102to1103","1102","1103",320,56.5685424949238,312,55.1543289325507,-16.9879829417914,-149.566309880465,"End"
"Tiaraunu","1103to1104","1103","1104",60,28.2842712474619,58.5,27.5771644662754,-16.9879829417914,-149.566309880465,"Start"
"Tiaraunu","1103to1104","1103","1104",60,28.2842712474619,58.5,27.5771644662754,-16.9870909396559,-149.566202927381,"End"
"Tiaraunu","1109to1110","1109","1110",360,282.842712474619,374.28,264.797347418738,-16.9853159878403,-149.566433932632,"Start"
"Tiaraunu","1109to1110","1109","1110",360,282.842712474619,374.28,264.797347418738,-16.9847109820694,-149.567007925361,"End"
"Tiaraunu","1110to1114","1110","1114",780,28.2842712474619,760.5,27.5771644662754,-16.9847109820694,-149.567007925361,"Start"
"Tiaraunu","1110to1114","1110","1114",780,28.2842712474619,760.5,27.5771644662754,-16.9843489676714,-149.56670592539,"End"
"Tiaraunu","1114to1116","1114","1116",2140,28.2842712474619,2120.4,37.1655324191649,-16.9843489676714,-149.56670592539,"Start"
"Tiaraunu","1114to1116","1114","1116",2140,28.2842712474619,2120.4,37.1655324191649,-16.9842179585248,-149.567647883669,"End"
"Tiaraunu","1116to1117","1116","1117",840,56.5685424949238,856.82,42.7941023974098,-16.9842179585248,-149.567647883669,"Start"
"Tiaraunu","1116to1117","1116","1117",840,56.5685424949238,856.82,42.7941023974098,-16.9841779768467,-149.568581879139,"End"
"Tiaraunu","1117to1118","1117","1118",320,113.137084989848,343.04,110.308657865101,-16.9841779768467,-149.568581879139,"Start"
"Tiaraunu","1117to1118","1117","1118",320,113.137084989848,343.04,110.308657865101,-16.9841009471565,-149.569519897923,"End"
"Tiaraunu","1118to1119","1118","1119",420,84.8528137423857,456.06,60.7828989107956,-16.9841009471565,-149.569519897923,"Start"
"Tiaraunu","1118to1119","1118","1119",420,84.8528137423857,456.06,60.7828989107956,-16.9840849377215,-149.57046194002,"End"
"Tiaraunu","1119to1120","1119","1120",340,141.42135623731,378.06,115.937227843346,-16.9840849377215,-149.57046194002,"Start"
"Tiaraunu","1119to1120","1119","1120",340,141.42135623731,378.06,115.937227843346,-16.9840989354998,-149.571397947147,"End"
"Tiaraunu","1120to1121","1120","1121",400,169.705627484771,428.8,198.385878529698,-16.9840989354998,-149.571397947147,"Start"
"Tiaraunu","1120to1121","1120","1121",400,169.705627484771,428.8,198.385878529698,-16.9841400068253,-149.572331942618,"End"
"Tiaraunu","1121to1122","1121","1122",520,113.137084989848,545.8,77.3857661330557,-16.9841400068253,-149.572331942618,"Start"
"Tiaraunu","1121to1122","1121","1122",520,113.137084989848,545.8,77.3857661330557,-16.9842239934951,-149.573256885633,"End"
"Tiaraunu","1122to1123","1122","1123",480,282.842712474619,506.8,264.797347418738,-16.9842239934951,-149.573256885633,"Start"
"Tiaraunu","1122to1123","1122","1123",480,282.842712474619,506.8,264.797347418738,-16.9843719340861,-149.574193898588,"End"
"Tiaraunu","1123to1124","1123","1124",460,28.2842712474619,471.78,16.6028672222601,-16.9843719340861,-149.574193898588,"Start"
"Tiaraunu","1123to1124","1123","1124",460,28.2842712474619,471.78,16.6028672222601,-16.9844209682196,-149.575127894059,"End"
"Tiaraunu","1124to1125","1124","1125",400,56.5685424949238,428.8,44.1800316885355,-16.9844209682196,-149.575127894059,"Start"
"Tiaraunu","1124to1125","1124","1125",400,56.5685424949238,428.8,44.1800316885355,-16.9845259934664,-149.576058955863,"End"
"Tiaraunu","1125to1032","1125","1032",140,141.42135623731,136.5,137.885822331377,-16.9845259934664,-149.576058955863,"Start"
"Tiaraunu","1125to1032","1125","1032",140,141.42135623731,136.5,137.885822331377,-16.9846759457141,-149.576790947467,"End"
